year,district,cat_count,dog_count,cat_dog_ratio,house_count,IV_highrise,IV3_single,IV_elder,total_pop,IV4_rental,IV_edu,log_IV4_rental
2015,中山區,365,591,0.6175972927241963,493,0.45840000000000003,0.4246424753413881,0.152851,231350,1666,0.524094,7.418180822726788
2016,中山區,426,537,0.7932960893854749,454,0.4808,0.4290705379194025,0.161503,231247,1744,0.533601,7.463936604468925
2017,中山區,452,551,0.8203266787658802,455,0.4442,0.433583109665446,0.170474,230710,1685,0.522898,7.429520842786462
2018,中山區,517,648,0.7978395061728395,536,0.48019999999999996,0.4372132827815426,0.179424,229456,1729,0.531821,7.455298485683291
2019,中山區,653,632,1.0332278481012658,497,0.45630000000000004,0.4438654995136862,0.18943,227387,1908,0.53967,7.553810852008231
2020,中山區,749,704,1.0639204545454546,556,0.6101,0.452395126403937,0.200298,223876,2095,0.546353,7.647308832356238
2021,中山區,856,730,1.1726027397260277,573,0.7496,0.4654107008289374,0.20948,215567,2030,0.549368,7.615791072035833
2022,中山區,1012,699,1.447782546494993,421,0.7634000000000001,0.4715781224883459,0.219585,212669,2205,0.557135,7.6984827878809465
2023,中山區,884,596,1.483221476510067,161,0.742,0.4702519312752846,0.230843,216346,2352,0.566342,7.763021309018518
2024,中山區,1026,568,1.806338028169014,145,0.7745,0.478776939602319,0.24146,215245,2769,0.573251,7.926241523170962
2025,中山區,1211,512,2.365234375,133,0.7439,0.4985557648649954,0.252187,212152,3618,0.578647,8.193676665955241
2015,中正區,242,360,0.6722222222222223,277,0.4347,0.3557304988436385,0.157593,162475,421,0.572716,6.042632833682381
2016,中正區,253,356,0.7106741573033708,309,0.3782,0.3620708228812385,0.164648,160403,474,0.582587,6.161207321695077
2017,中正區,258,302,0.8543046357615894,259,0.5061,0.3660870633774692,0.171414,159608,456,0.565628,6.1224928095143865
2018,中正區,315,327,0.963302752293578,262,0.3782,0.3707861736088836,0.177874,159000,498,0.576255,6.210600077024653
2019,中正區,377,354,1.0649717514124293,281,0.4802,0.3776643422511888,0.184427,158014,543,0.585504,6.297109319933935
2020,中正區,413,385,1.0727272727272728,319,0.603,0.3856758523202261,0.191979,155397,642,0.593838,6.464588303689961
2021,中正區,538,349,1.5415472779369628,280,0.7414,0.3972830095893779,0.198441,150644,626,0.597894,6.439350371100098
2022,中正區,610,386,1.5803108808290156,248,0.7028000000000001,0.4036651960633079,0.206026,148103,701,0.606781,6.55250788703459
2023,中正區,555,397,1.397984886649874,79,0.638,0.4020928352426133,0.217136,150155,1094,0.618356,6.9975959829819265
2024,中正區,538,305,1.7639344262295082,80,0.6791,0.4103970503092909,0.226757,148375,1231,0.623763,7.115582126184454
2025,中正區,633,281,2.252669039145907,63,0.6758,0.4301586819066147,0.237563,144109,1497,0.629458,7.311218384419629
2015,信義區,400,566,0.7067137809187279,462,0.40700000000000003,0.3592736126157317,0.159717,229211,751,0.526382,6.621405651764134
2016,信義區,493,621,0.7938808373590982,534,0.3634,0.3642110436025733,0.168403,227823,770,0.534707,6.646390514847729
2017,信義區,546,581,0.9397590361445785,474,0.3673,0.369319515712513,0.177172,225753,703,0.520456,6.555356891810665
2018,信義區,554,544,1.0183823529411764,468,0.40090000000000003,0.3751004823151125,0.186307,223406,760,0.529431,6.633318433280377
2019,信義區,628,588,1.0680272108843538,465,0.4022,0.3821703779092525,0.195859,220021,734,0.537509,6.598509028614515
2020,信義區,633,642,0.985981308411215,506,0.4158,0.3906776993299455,0.206463,215240,705,0.542635,6.558197802812269
2021,信義區,782,611,1.2798690671031097,486,0.5571,0.403579275720352,0.217205,207500,641,0.545573,6.46302945692067
2022,信義區,885,571,1.5499124343257442,370,0.5484,0.412774178883964,0.227456,203780,809,0.552222,6.695798917058491
2023,信義區,837,482,1.7365145228215768,139,0.494,0.4139142106146188,0.239066,206759,879,0.561917,6.778784897685177
2024,信義區,994,498,1.995983935742972,121,0.4974,0.4221337898223694,0.25026,205067,1087,0.567272,6.99117688712121
2025,信義區,1291,434,2.974654377880184,121,0.49670000000000003,0.4391810164720371,0.261484,201446,1625,0.571753,7.393263094763838
2015,內湖區,518,713,0.726507713884993,640,0.506,0.3029330329907551,0.102102,287566,753,0.521262,6.6240652277998935
2016,內湖區,563,821,0.6857490864799025,687,0.5006,0.3072868564178631,0.10898,287733,829,0.533172,6.720220155135295
2017,內湖區,601,718,0.8370473537604457,587,0.4736,0.3114922717669298,0.116985,287771,868,0.523625,6.7661917146603505
2018,內湖區,798,902,0.88470066518847,665,0.4716,0.3152134928590478,0.125523,287429,724,0.534811,6.584791392385716
2019,內湖區,1088,990,1.098989898989899,692,0.5131,0.3226692460009672,0.134547,285795,837,0.545227,6.729824070489475
2020,內湖區,961,833,1.1536614645858343,677,0.5299,0.3296539298031686,0.145385,282525,771,0.553493,6.647688373563329
2021,內湖區,1169,883,1.3238958097395244,732,0.6381,0.3397338524090632,0.156808,276707,629,0.559097,6.444131256700441
2022,內湖區,1199,760,1.5776315789473685,489,0.5983,0.3468481557488694,0.168129,272963,795,0.567957,6.678342114654332
2023,內湖區,1235,690,1.789855072463768,186,0.5616,0.3475050688102201,0.18052,276180,1128,0.576971,7.028201432058005
2024,內湖區,1256,621,2.0225442834138487,192,0.498,0.3544695661510106,0.192495,273748,1225,0.582707,7.110696122978827
2025,內湖區,1346,615,2.1886178861788617,176,0.4669,0.3708123523907134,0.205031,267959,1564,0.587824,7.355001921105257
2015,北投區,444,848,0.5235849056603774,632,0.47309999999999997,0.3185442158389149,0.138097,257862,242,0.46749,5.488937726156687
2016,北投區,451,778,0.5796915167095116,611,0.4041,0.3257442174048335,0.146008,257370,432,0.477227,6.068425588244111
2017,北投區,451,733,0.6152796725784447,556,0.38139999999999996,0.329271695656218,0.154592,256456,323,0.467438,5.777652323222656
2018,北投區,528,667,0.7916041979010495,551,0.5468999999999999,0.3349593829911783,0.163193,255532,389,0.476397,5.963579343618446
2019,北投區,624,724,0.861878453038674,546,0.4274,0.3416757678135813,0.172494,253319,369,0.484751,5.910796644040527
2020,北投區,760,715,1.062937062937063,610,0.4387,0.3475606648933459,0.182731,250144,471,0.491597,6.154858094016418
2021,北投區,840,680,1.2352941176470589,562,0.48969999999999997,0.355732113314679,0.19285,244750,487,0.496001,6.18826412308259
2022,北投區,953,636,1.498427672955975,391,0.5923,0.3639442942406774,0.201952,240725,602,0.506194,6.400257445308821
2023,北投區,862,562,1.5338078291814947,159,0.5124,0.3659433430045132,0.212395,242510,825,0.540966,6.715383386334681
2024,北投區,934,544,1.7169117647058822,153,0.5700000000000001,0.3767048064058787,0.22261,240623,1008,0.551104,6.915723448631314
2025,北投區,1063,526,2.0209125475285172,125,0.5619,0.3972998082587123,0.234235,235678,1354,0.552749,7.21081845347222
2015,南港區,200,305,0.6557377049180327,267,0.5861000000000001,0.3428965279572671,0.128872,122245,149,0.456874,5.003946305945459
2016,南港區,258,335,0.7701492537313432,302,0.5046,0.3456813860582367,0.135868,122516,194,0.467978,5.267858159063328
2017,南港區,280,316,0.8860759493670886,259,0.45909999999999995,0.349804471648389,0.143785,122155,184,0.458301,5.214935757608986
2018,南港區,312,318,0.981132075471698,258,0.5,0.3553098092183015,0.151467,121670,180,0.466901,5.19295685089021
2019,南港區,341,373,0.9142091152815014,301,0.43200000000000005,0.363926576217079,0.159414,120297,274,0.475742,5.6131281063880705
2020,南港區,421,349,1.2063037249283668,292,0.5213,0.3757967090189544,0.168654,118758,258,0.483297,5.552959584921617
2021,南港區,495,303,1.6336633663366336,253,0.5444,0.3846234309623431,0.178684,115780,293,0.488928,5.680172609017068
2022,南港區,526,328,1.603658536585366,198,0.533,0.3931534619323288,0.188255,113798,352,0.496682,5.863631175598097
2023,南港區,530,290,1.827586206896552,70,0.5264,0.3977089116294485,0.19944,113959,425,0.506016,6.052089168924417
2024,南港區,501,250,2.004,73,0.5465,0.4054767948162364,0.210142,112643,464,0.512377,6.139884552226255
2025,南港區,608,224,2.7142857142857144,71,0.6597,0.4254165992557838,0.221047,111239,613,0.520128,6.418364935936212
2015,士林區,501,858,0.583916083916084,743,0.3173,0.3168786214162088,0.148462,290694,628,0.47507,6.4425401664681985
2016,士林區,564,822,0.6861313868613139,657,0.3395,0.3229929399426955,0.157447,289939,649,0.484232,6.47543271670409
2017,士林區,533,852,0.6255868544600939,669,0.33030000000000004,0.328558747956085,0.166739,288295,686,0.472892,6.530877627725885
2018,士林區,635,865,0.7341040462427746,670,0.3305,0.3338976114294218,0.176186,286544,618,0.481448,6.42648845745769
2019,士林區,687,860,0.7988372093023256,665,0.3235,0.3431542140366132,0.186736,283459,631,0.489275,6.447305862541213
2020,士林區,817,944,0.8654661016949152,714,0.3816,0.3517542399526531,0.197988,278451,634,0.494828,6.452048954437226
2021,士林區,1023,883,1.1585503963759909,674,0.3893,0.3630959602086619,0.209065,269682,654,0.498611,6.483107351457199
2022,士林區,1123,764,1.469895287958115,475,0.35350000000000004,0.371086814316419,0.220126,264716,886,0.505465,6.786716950605081
2023,士林區,1002,658,1.5227963525835866,189,0.3687,0.3719984096309789,0.231121,266951,1084,0.515597,6.988413181999592
2024,士林區,1089,644,1.6909937888198758,162,0.4477,0.3803752572772714,0.241728,264194,1356,0.522241,7.212294468500341
2025,士林區,1279,566,2.259717314487633,154,0.3899,0.3979879937501713,0.253557,258163,1701,0.527222,7.438971592395862
2015,大同區,202,328,0.6158536585365854,279,0.3604,0.3777881311513598,0.151433,130929,409,0.426952,6.013715156042802
2016,大同區,296,315,0.9396825396825396,273,0.35559999999999997,0.3836104973446524,0.159282,130071,410,0.437631,6.016157159698354
2017,大同區,302,317,0.9526813880126184,234,0.3792,0.3898468727672968,0.167105,129278,444,0.431584,6.095824562432225
2018,大同區,287,361,0.7950138504155124,271,0.4248,0.3960755533238054,0.175663,127625,457,0.441038,6.124683390894205
2019,大同區,387,363,1.0661157024793388,271,0.4135,0.4033820612083743,0.184128,126043,484,0.450692,6.182084906716632
2020,大同區,437,423,1.033096926713948,327,0.5077,0.4133208003222774,0.193712,123849,521,0.458962,6.255750041753367
2021,大同區,515,455,1.1318681318681318,299,0.6862,0.4254780490611634,0.202232,120772,551,0.464761,6.311734809152915
2022,大同區,560,363,1.5426997245179064,226,0.6477,0.434194177355533,0.210564,118833,691,0.473865,6.53813982376767
2023,大同區,482,296,1.6283783783783785,82,0.6585,0.4346975256374071,0.220345,119930,1027,0.484489,6.934397209928558
2024,大同區,502,273,1.8388278388278387,54,0.5917,0.4453747116171764,0.230091,118992,1378,0.491712,7.228388451573604
2025,大同區,623,328,1.899390243902439,72,0.5936,0.4656880733944954,0.240152,116618,1625,0.498921,7.393263094763838
2015,大安區,458,779,0.5879332477535302,554,0.5196,0.3303322259136212,0.175009,313058,1025,0.631244,6.932447891572509
2016,大安區,526,898,0.5857461024498887,606,0.4918,0.3348269109495834,0.183682,311506,1054,0.638111,6.960347729101308
2017,大安區,488,900,0.5422222222222223,513,0.45640000000000003,0.3384243307712695,0.191758,309969,1008,0.619036,6.915723448631314
2018,大安區,634,739,0.857916102841678,539,0.511,0.3430551663892139,0.199431,308843,1057,0.62669,6.963189985870238
2019,大安區,742,858,0.8648018648018648,625,0.5191,0.3460419235511714,0.207567,307631,903,0.634142,6.805722553416985
2020,大安區,943,980,0.9622448979591836,704,0.5806,0.3515117497998365,0.214883,302644,809,0.640332,6.695798917058491
2021,大安區,1029,917,1.1221374045801529,627,0.6851,0.3638396783515517,0.222563,291410,697,0.643708,6.546785410760524
2022,大安區,1166,796,1.464824120603015,420,0.6523,0.3704829735520532,0.229634,284557,813,0.650667,6.70073110954781
2023,大安區,1068,753,1.4183266932270917,210,0.63,0.3661412074453017,0.240618,291732,1174,0.660713,7.068172000388042
2024,大安區,1047,716,1.4622905027932962,160,0.6618999999999999,0.3719265872026333,0.249969,289908,1295,0.666135,7.166265974133638
2025,大安區,1302,679,1.9175257731958764,144,0.641,0.392218220952854,0.259822,282328,1921,0.670845,7.560601162768557
2015,文山區,524,747,0.7014725568942436,625,0.4668,0.3202505459142627,0.133375,275367,128,0.528872,4.852030263919617
2016,文山區,592,800,0.74,694,0.4868,0.3242833727224213,0.140064,275231,135,0.538564,4.90527477843843
2017,文山區,577,592,0.9746621621621622,515,0.5104,0.3294651914635418,0.147505,274424,142,0.523081,4.955827057601261
2018,文山區,620,752,0.824468085106383,630,0.5156,0.3352307360484635,0.154755,273762,211,0.531772,5.351858133476067
2019,文山區,768,724,1.0607734806629834,603,0.4877,0.3428659257948226,0.162325,271806,198,0.540112,5.288267030694535
2020,文山區,935,722,1.2950138504155124,605,0.5714,0.3506524868806018,0.171652,268130,272,0.546152,5.605802066295998
2021,文山區,1039,732,1.419398907103825,623,0.5650999999999999,0.35958597538232,0.179799,261576,305,0.55158,5.720311776607412
2022,文山區,1143,683,1.6734992679355782,455,0.5507,0.3664330835767138,0.189103,257558,432,0.558347,6.068425588244111
2023,文山區,1042,592,1.760135135135135,181,0.5658,0.3685595708067618,0.200247,260313,569,0.567272,6.343880434126331
2024,文山區,1078,545,1.9779816513761468,155,0.5292,0.3769285544742464,0.210771,258333,1011,0.572219,6.918695219020472
2025,文山區,1270,469,2.7078891257995736,137,0.5355,0.3959772762167972,0.222274,253822,1498,0.577544,7.311886164077165
2015,松山區,374,808,0.4628712871287129,412,0.4752,0.3232949733472824,0.161682,209714,613,0.59282,6.418364935936212
2016,松山區,399,520,0.7673076923076924,415,0.46630000000000005,0.328244845104094,0.170732,208326,626,0.601436,6.439350371100098
2017,松山區,412,470,0.8765957446808511,392,0.4423,0.3330395272618929,0.179257,206988,609,0.587422,6.411818267709897
2018,松山區,453,521,0.8694817658349329,399,0.48539999999999994,0.3395621733556848,0.187611,205702,593,0.596031,6.385194398997726
2019,松山區,494,504,0.98015873015873,398,0.4996,0.3425723346198284,0.195937,204193,589,0.605579,6.3784261836515865
2020,松山區,645,564,1.1436170212765957,455,0.5309,0.349470069422141,0.204941,200316,611,0.61185,6.415096959171596
2021,松山區,700,519,1.348747591522158,419,0.6522,0.3603320871728829,0.211709,193388,565,0.615612,6.336825731146441
2022,松山區,808,523,1.5449330783938815,315,0.6366,0.3667819633985284,0.220081,189939,683,0.623152,6.52649485957079
2023,松山區,788,426,1.8497652582159625,111,0.6067,0.3660051168682779,0.231134,193399,932,0.633952,6.837332814685591
2024,松山區,726,383,1.8955613577023496,102,0.6203000000000001,0.3742403426039384,0.240301,191826,875,0.639924,6.774223886357614
2025,松山區,929,346,2.684971098265896,96,0.6313,0.3916180515299893,0.250067,187318,1554,0.645084,7.348587530927593
2015,萬華區,337,474,0.7109704641350211,424,0.3803,0.3912377255372671,0.167105,194339,143,0.383406,4.962844630259907
2016,萬華區,378,459,0.8235294117647058,381,0.4149,0.3979732138310332,0.174239,193539,183,0.393184,5.209486152841421
2017,萬華區,422,436,0.9678899082568808,376,0.3816,0.4054356535120629,0.182017,191850,169,0.386183,5.1298987149230735
2018,萬華區,425,450,0.9444444444444444,374,0.5083,0.4122538626582198,0.189327,189603,210,0.394443,5.3471075307174685
2019,萬華區,592,522,1.1340996168582376,416,0.5003,0.4216938891341363,0.198769,187076,268,0.402168,5.5909869805108565
2020,萬華區,600,503,1.1928429423459244,409,0.5201,0.4336936528334215,0.210172,183088,401,0.407018,5.993961427306569
2021,萬華區,680,548,1.2408759124087592,437,0.5905,0.4478136337597861,0.221224,176617,428,0.409172,6.059123195581797
2022,萬華區,784,449,1.7461024498886415,279,0.5867,0.4562219024210084,0.230906,173040,607,0.415771,6.408528791059498
2023,萬華區,773,412,1.8762135922330097,118,0.5512,0.4606048397250271,0.241518,173652,985,0.42665,6.892641641172089
2024,萬華區,810,376,2.154255319148936,111,0.5775,0.4726967131474103,0.252066,171915,1504,0.433581,7.315883504509785
2025,萬華區,902,331,2.7250755287009065,97,0.5486,0.4910823086296665,0.264272,168675,1999,0.439317,7.6004023345004
